3 days,1 week,2 weeks,4 weeks,8 weeks,12 weeks,16 weeks,20 weeks,24 weeks,28 weeks,32 weeks,36 weeks,Pain Intensity,Pain_X,Pain_Y,Pain_Z,Pain Description,Age,Time for Complete ROM
30,35,35,50,50,62,75,77,83,97,112,124,9,-0.007213593,-0.452736218,0.491965731,Stabbing,53,62
90,90,94,98,104,111,115,117,120,120,123,125,10,-0.406715429,-0.037251681,0.238490746,Numb,23,45
45,50,53,58,62,66,76,82,90,95,108,111,5,0.447865515,0.453141388,0.959588944,Numb,63,60
40,47,54,55,55,62,66,78,85,87,94,105,8,-0.484245582,0.2715345,-0.678163049,Others,19,58
35,37,40,45,54,58,59,66,74,80,85,91,10,0.662094079,0.751197626,0.093711173,Aching,26,69
60,65,68,72,77,80,84,89,92,98,107,118,2,-0.295493188,0.532574436,0.77251001,Pins and Needles,35,43
55,60,67,76,80,82,84,88,90,95,101,107,1,0.040354418,0.004877627,0.399060828,Stabbing,61,48
65,70,72,76,81,84,90,94,98,102,106,109,6,0.492715705,0.251114534,0.328824651,Others,36,55
60,62,63,63,67,69,74,75,78,82,85,87,9,0.802539387,0.48180352,-0.044824018,Stabbing,66,84
35,41,47,50,58,65,68,70,74,75,75,80,8,0.511129707,0.94579384,-0.247001919,Stabbing,24,70
45,45,50,57,65,74,81,85,89,92,97,99,9,0.730221288,-0.438878736,0.001717924,Burning,35,65
40,42,48,51,57,60,62,64,68,75,81,84,1,-0.293897364,0.476463319,0.362285094,Stabbing,21,48
55,57,57,62,68,73,77,80,85,89,91,94,10,0.49591419,-0.986708406,0.774758908,Others,41,71
65,68,72,77,82,85,86,89,94,96,100,104,9,-0.268294955,-0.239594481,0.649020267,Burning,66,71
65,70,74,78,81,85,89,94,99,102,105,110,5,0.075223201,0.569652206,-0.148130362,Pins and Needles,45,55
70,73,78,82,87,90,92,97,98,98,100,105,3,-0.569259026,-0.418352062,0.163932026,Others,34,50
80,82,83,87,90,94,98,102,110,114,117,120,3,-0.957250601,0.379923502,0.315130928,Stabbing,43,47
85,89,93,97,104,106,110,112,114,118,120,125,5,-0.514296434,-0.343330599,-0.308457993,Aching,59,50
45,48,54,58,63,67,75,80,82,84,89,91,6,0.871816783,-0.626786368,-0.381108923,Stabbing,48,69
70,74,78,81,83,87,91,91,97,101,105,111,3,-0.099411133,-0.088324449,-0.003291459,Pins and Needles,41,50
35,39,42,43,50,54,59,62,67,74,78,82,8,-0.799625551,-0.707506125,0.742332494,Others,69,86
45,48,52,57,60,65,67,72,74,79,81,86,8,0.80098943,0.136172469,-0.048270332,Aching,35,72
50,54,57,59,61,65,70,74,75,75,76,79,3,0.66615415,-0.420178188,-0.850704328,Aching,41,69
55,57,60,62,66,69,74,77,81,82,86,89,7,-0.588652089,0.612635401,-0.44086656,Stabbing,22,64
65,67,70,74,76,79,83,85,89,95,99,105,2,-0.011356619,-0.327714053,-0.456384953,Burning,51,50
60,63,67,71,75,79,84,88,92,96,101,106,2,0.943312642,0.035220693,0.407342849,Aching,46,49
65,66,68,70,72,76,79,81,83,85,86,87,4,0.831876893,0.61972855,0.564585534,Pins and Needles,21,61
55,58,60,62,66,69,70,75,78,80,84,88,3,0.324457178,0.342243342,0.901718417,Burning,39,56
60,61,67,69,70,70,71,73,73,75,76,77,10,0.78573825,0.121299331,-0.347867117,Others,61,94
75,80,86,94,99,105,111,117,121,125,125,126,1,0.764975222,0.039833994,0.71909671,Others,36,27
70,75,79,84,89,92,96,100,105,111,116,120,10,-0.700485847,0.006305973,0.910758262,Burning,66,69
45,45,49,51,51,58,59,62,63,67,67,69,5,-0.688264861,0.096881234,-0.470997256,Pins and Needles,19,70
50,55,59,64,68,70,74,75,78,85,89,93,2,-0.278403405,-0.620895886,0.606293284,Numb,62,62
35,36,39,40,42,45,48,49,51,54,57,59,8,-0.181039127,-0.25052282,-0.3541864,Burning,62,104
30,32,35,36,36,36,39,42,45,46,49,50,7,-0.348875686,0.798022965,-0.343930129,Pins and Needles,42,105
60,62,65,67,69,74,77,79,81,85,89,94,2,0.458498874,0.785696393,-0.405486387,Pins and Needles,20,50
40,42,45,45,46,47,49,51,52,54,55,59,10,-0.308644165,0.535323805,-0.164051584,Stabbing,31,102
45,45,46,48,52,58,64,64,70,71,75,78,7,0.75726597,-0.323765274,-0.145756556,Stabbing,29,72
55,59,67,74,81,89,97,105,114,120,125,129,2,-0.78581617,-0.791960932,-0.569008567,Burning,60,38
60,68,74,80,91,104,111,119,127,129,131,134,1,-0.899567119,-0.04681141,0.487950023,Numb,36,26
65,69,71,75,80,81,87,90,95,101,108,111,10,-0.40630121,-0.378950358,0.921063632,Numb,68,77
65,65,66,68,70,73,74,77,79,80,85,88,8,-0.563907431,0.858974644,-0.278891337,Stabbing,65,80
60,63,67,71,74,80,85,91,94,99,105,108,6,0.545525566,0.677919822,0.495502423,Others,21,49
55,58,60,62,68,74,77,80,85,89,97,107,4,-0.852471398,0.416905874,-0.95809346,Pins and Needles,69,56
52,52,55,57,59,61,65,68,74,75,78,79,7,0.404105204,0.788029845,0.9873995,Burning,49,82
37,37,38,40,42,43,46,46,51,52,52,53,1,-0.85216229,-0.091757591,0.118088749,Burning,26,89
42,43,45,47,47,47,48,49,51,51,54,56,8,-0.731177605,0.827637635,0.067290597,Burning,40,113
63,64,66,66,67,70,74,75,77,79,80,80,4,0.081910491,-0.76056787,0.645252355,Burning,42,99
71,78,85,94,105,111,118,125,129,131,134,137,8,0.037800787,-0.262797785,-0.578694767,Pins and Needles,52,40
82,85,88,91,94,95,99,101,108,114,119,124,3,-0.207240745,0.695204563,0.630262782,Others,34,44
69,70,78,88,98,107,114,123,124,125,125,125,4,-0.19180471,-0.365829147,0.237505228,Others,36,43
74,78,87,97,100,110,113,121,123,125,125,125,8,-0.17320485,-0.584665019,-0.449747523,Stabbing,19,96
28,33,43,49,51,58,67,69,78,79,89,90,10,-0.559694842,0.479077582,0.888610094,Pins and Needles,36,68
41,50,53,56,65,75,84,87,91,98,99,100,8,0.353308265,-0.057684778,0.481211461,Numb,49,105
63,68,74,81,83,87,93,98,99,108,109,119,2,0.67309998,-0.603454094,-0.866465725,Stabbing,22,79
25,26,36,37,47,53,58,60,68,70,76,85,1,0.816740632,0.249229755,-0.991694245,Others,35,80
33,36,40,48,57,58,59,61,67,77,79,83,4,-0.257698151,0.190129406,0.232614666,Numb,42,76
69,77,87,97,101,103,111,115,119,125,125,125,5,0.173468854,-0.99332995,-0.075437144,Numb,34,92
87,92,97,102,112,120,122,125,125,125,125,125,6,0.187313512,-0.471645322,-0.901170268,Aching,44,84
45,54,55,61,64,67,73,75,77,81,89,99,2,0.093642814,-0.377489671,0.599605822,Burning,19,65
29,32,41,45,47,54,63,72,74,75,79,88,3,-0.524973124,-0.51498461,0.904682731,Pins and Needles,34,91
40,49,58,63,72,82,87,95,96,100,101,107,10,-0.875122532,-0.300224184,0.779741191,Aching,70,123
55,56,60,65,75,82,83,93,94,97,104,105,5,-0.528565457,0.205493995,-0.094041313,Pins and Needles,63,100
83,91,95,97,100,106,115,116,122,125,125,125,8,-0.785522306,0.081317811,0.726854806,Burning,67,118
85,90,99,100,102,112,118,119,125,125,125,125,10,-0.119290389,0.643038602,-0.538295485,Burning,38,95
59,68,71,73,82,89,90,93,97,102,103,111,5,0.420673376,0.365181077,0.755026644,Burning,65,97
27,33,35,45,52,60,61,67,68,76,85,95,3,0.860521976,-0.018763828,0.149912423,Aching,27,68
41,45,49,54,62,67,73,77,82,91,97,105,10,0.068891097,0.206576456,-0.496229437,Stabbing,38,70
25,27,31,37,39,48,53,62,71,78,88,91,9,-0.419561569,0.291645659,-0.347842251,Numb,32,69
49,54,64,71,72,82,85,87,96,103,112,113,7,0.586936264,-0.291022694,0.860828017,Pins and Needles,56,101
46,56,62,66,72,81,87,95,103,110,120,125,6,-0.620117869,0.513381752,-0.861597859,Burning,55,91
70,71,78,87,95,96,101,110,116,117,125,125,8,0.127275936,0.275714081,-0.970642653,Numb,67,108
54,64,67,77,78,81,90,100,107,113,120,121,7,-0.732077813,-0.655544038,-0.814751282,Numb,44,100
61,71,78,82,89,95,104,108,118,121,125,125,6,-0.851520268,0.992611595,-0.557709298,Aching,62,107
62,72,78,85,92,101,103,108,117,118,125,125,7,0.849630165,0.998494359,0.735067668,Others,49,97
84,88,94,102,110,111,117,125,125,125,125,125,4,-0.158807225,0.280800709,-0.542106161,Others,65,83
39,40,44,46,49,59,64,69,77,86,87,94,3,0.493452794,-0.035035063,0.546715598,Aching,24,69
63,65,68,74,82,90,96,99,109,118,124,125,2,-0.582804789,-0.2375358,0.694838995,Numb,57,86
85,94,97,103,112,114,117,124,125,125,125,125,5,-0.237746927,0.532825632,-0.172978804,Others,45,93
43,44,50,60,61,63,68,77,84,94,104,109,7,0.377977937,0.682916067,-0.611335802,Burning,62,92
48,53,57,64,73,82,84,86,96,100,105,107,8,0.23417531,-0.125984871,0.556803382,Stabbing,26,74
59,63,69,77,85,95,98,105,111,118,125,125,3,-0.403439777,-0.039306917,0.47732541,Burning,60,75
57,63,68,73,74,81,86,90,100,103,112,118,5,0.743550083,-0.964615552,-0.970932075,Stabbing,46,96
59,61,66,75,84,93,98,108,112,121,125,125,5,-0.798749798,-0.54847081,-0.298554924,Stabbing,53,103
46,53,59,63,70,75,83,90,98,101,109,111,8,-0.701138401,-0.615149341,0.029612874,Others,24,98
36,44,50,55,64,70,71,80,83,86,89,93,1,-0.224097752,-0.89079955,0.162010603,Others,64,92
44,48,51,60,66,68,72,73,77,81,85,91,2,0.603879044,0.905470271,-0.112510649,Aching,46,72
54,57,64,67,72,78,79,83,88,93,94,97,8,-0.609568712,-0.071645401,0.647415901,Stabbing,54,103
67,70,72,78,85,94,101,102,106,114,119,125,9,0.046131571,-0.827779324,-0.443587693,Stabbing,65,108
68,71,81,85,93,95,97,100,102,107,113,121,8,-0.938808478,0.928417596,0.761160446,Aching,41,107
70,72,77,86,89,98,101,102,107,109,111,121,6,-0.129920118,-0.34648624,-0.274795904,Numb,29,77
56,58,60,66,74,78,85,87,91,101,103,106,5,-0.891603713,0.460202441,-0.957608573,Stabbing,63,98
38,47,53,58,68,75,79,88,90,98,102,108,5,0.878742484,0.802463807,0.786553492,Aching,23,78
77,84,93,94,98,107,115,120,125,125,125,125,3,-0.947111316,0.457316062,0.99811983,Pins and Needles,19,66
41,48,49,58,66,67,69,73,80,82,90,97,1,0.645630344,-0.702011402,-0.651448623,Numb,35,79
60,70,73,82,92,97,98,99,104,111,119,120,5,-0.213406785,0.246760927,-0.906271949,Others,31,89
70,75,85,93,97,99,100,105,106,115,121,125,4,0.825933265,-0.544888614,-0.713042792,Pins and Needles,61,94
72,81,89,96,100,102,108,109,113,116,124,125,5,-0.598589095,-0.10653248,0.260305095,Numb,26,91
62,69,76,85,95,103,107,115,123,125,125,125,6,0.178678192,0.084617078,-0.642987082,Others,48,86
84,93,96,97,101,103,107,115,124,125,125,125,10,-0.164937744,0.459432514,-0.819190429,Burning,70,104
80,88,94,97,106,115,118,125,125,125,125,125,9,0.252042103,-0.335253442,-0.32988756,Pins and Needles,27,70
43,45,51,59,67,69,74,76,79,84,88,97,10,0.148108996,0.097144325,0.035544044,Numb,28,86
55,58,61,67,71,74,75,79,83,87,88,96,6,0.737328587,0.321478712,-0.867769137,Stabbing,28,72
62,63,69,71,77,81,86,94,103,104,107,112,4,-0.618893976,-0.439131479,-0.137646314,Burning,48,95
63,71,79,81,89,94,101,110,114,120,122,125,5,-0.661094014,0.004160114,-0.682402678,Others,37,87
48,53,58,64,69,72,73,79,82,89,93,94,7,0.564533163,-0.377726699,0.425588867,Stabbing,24,77
45,54,59,67,72,77,83,85,87,92,98,107,1,0.000760823,-0.881445976,-0.67442483,Aching,70,103
65,74,76,80,87,91,97,101,110,119,124,125,8,0.777032426,0.373641684,0.772115759,Others,41,99
50,56,61,66,67,71,81,91,101,108,109,111,3,-0.011581144,0.307932502,0.731743771,Aching,68,82
48,58,63,64,73,78,85,90,91,99,105,115,2,-0.456286056,0.593427259,0.247707249,Pins and Needles,30,50
52,59,64,67,70,75,85,92,94,99,101,102,3,0.589352091,0.145429549,-0.908458293,Stabbing,66,101
57,61,64,74,83,87,88,97,106,110,113,122,9,0.230825938,0.94699759,0.674343357,Burning,35,96
26,33,36,43,48,52,60,65,74,75,81,88,7,-0.309973383,0.603044652,-0.471191675,Numb,27,87
54,62,66,74,81,82,83,86,89,93,96,101,9,-0.088106089,0.193281993,-0.372944123,Pins and Needles,63,118
39,42,51,56,63,65,73,77,79,87,93,99,6,0.11292028,-0.520717419,0.334660304,Burning,41,63
42,49,55,65,66,69,77,80,85,89,99,104,10,-0.715985577,0.65116756,0.360730299,Stabbing,26,67
35,36,42,50,54,63,66,72,76,78,87,97,9,-0.553056471,0.131537813,0.674823918,Aching,19,89
68,72,80,90,91,92,94,102,110,111,118,122,8,-0.080869443,-0.439725347,-0.655832816,Aching,44,100
77,86,91,94,103,107,108,115,122,125,125,125,6,0.360113195,0.00421951,-0.077149627,Aching,57,99
66,69,74,82,83,93,94,103,112,113,114,119,2,0.329880768,-0.223846508,0.26251612,Others,40,87
50,55,60,70,79,81,82,84,87,91,97,102,6,-0.037095697,-0.841647814,0.556900246,Pins and Needles,45,101
46,55,62,65,68,69,78,80,84,92,95,102,8,-0.2441745,0.653927943,0.411525357,Numb,41,95
40,44,46,48,58,62,66,71,77,82,91,94,9,0.670771419,-0.950848814,-0.708710318,Burning,43,86
70,74,84,85,90,96,97,105,114,121,125,125,8,-0.255554924,0.202229231,-0.083581415,Numb,65,118
46,53,62,70,72,80,83,93,101,107,108,111,9,0.458532456,-0.222932127,0.625481398,Burning,37,87
81,91,100,102,104,112,121,125,125,125,125,125,9,0.547554906,-0.334029211,-0.740839108,Stabbing,59,101
83,88,93,102,108,110,115,123,124,125,125,125,2,-0.124325109,-0.703077117,-0.30133055,Stabbing,50,59
67,72,77,83,88,97,99,101,107,116,119,125,6,-0.390974374,0.843900735,-0.615849442,Pins and Needles,31,90
46,47,57,64,69,73,78,87,92,101,106,111,1,0.624498631,-0.524844801,0.294075861,Burning,53,83
85,91,97,104,112,116,122,125,125,125,125,125,1,-0.237985575,0.895237378,-0.326675092,Stabbing,29,58
66,73,82,84,90,96,104,111,120,125,125,125,3,-0.918267193,0.782635921,-0.233078579,Others,18,79
84,87,96,100,108,118,122,125,125,125,125,125,9,-0.230832469,0.672400694,0.163589997,Pins and Needles,49,107
86,92,100,108,117,119,121,125,125,125,125,125,1,-0.468086939,-0.68087282,0.235207451,Aching,21,83
46,52,62,64,70,73,75,81,91,101,110,113,6,-0.379117158,0.380361289,-0.494083207,Numb,46,96
38,48,55,63,68,73,81,82,84,91,101,103,1,0.89000956,-0.984538011,-0.296819523,Aching,29,81
49,54,60,70,71,74,76,84,85,95,97,98,8,0.642080116,-0.617995806,0.675424396,Burning,32,92
49,52,58,61,63,73,74,76,82,89,96,103,9,-0.564724538,-0.163827824,0.372519394,Aching,31,93
41,47,52,55,63,67,68,70,79,88,96,97,5,-0.132129014,0.778691061,-0.65008719,Burning,44,98
69,74,84,85,90,100,109,115,123,125,125,125,10,-0.859483484,0.773749493,-0.064747071,Burning,18,92
77,82,86,87,97,103,106,108,111,117,125,125,8,-0.153968461,-0.893994657,0.846677683,Others,62,92
42,45,50,55,58,59,61,68,78,80,83,84,1,0.790842144,0.990141554,0.20144978,Pins and Needles,22,65
48,51,61,62,70,78,86,96,105,113,117,119,6,-0.684623892,-0.627563563,0.536388415,Others,23,72
32,38,40,46,53,63,73,79,85,94,99,109,1,0.843568716,0.905183878,0.229323493,Stabbing,31,78
39,45,54,56,62,63,66,76,86,88,97,104,6,0.160101601,-0.808711606,-0.148594873,Others,19,87
61,67,77,81,91,94,98,108,110,111,119,121,9,-0.79402643,0.947227421,0.046535342,Numb,32,87
28,33,37,38,45,48,57,64,69,73,83,85,5,-0.757050801,0.180642554,-0.60365916,Stabbing,30,89
55,62,65,67,77,81,90,93,102,106,113,122,3,0.72894342,-0.023791988,0.341505355,Others,29,72
87,90,92,99,105,115,118,119,125,125,125,125,3,-0.503930506,-0.849192361,-0.884084325,Others,27,64
29,33,43,53,63,73,76,77,83,84,93,96,5,0.710603764,0.459603418,-0.701761048,Burning,66,83
33,35,42,46,53,62,71,74,78,83,84,90,6,-0.115291446,-0.992927537,0.959411319,Others,47,89
86,93,103,108,110,117,125,125,125,125,125,125,2,0.664687265,0.766281386,-0.73459554,Others,50,60
70,72,75,76,85,89,96,102,111,119,125,125,1,-0.613757836,-0.064163161,-0.789752506,Aching,20,49
41,45,55,64,71,78,83,89,97,99,108,110,6,-0.257605179,0.319262847,-0.273855224,Burning,42,95
71,77,84,89,99,100,106,111,116,118,125,125,4,0.846440872,0.10556505,0.390845874,Pins and Needles,65,108
41,49,50,54,64,66,73,80,90,94,96,105,2,0.544685461,-0.962009471,0.629662954,Pins and Needles,42,77
82,92,99,108,109,114,120,125,125,125,125,125,9,-0.4990116,-0.280097522,-0.150887805,Numb,58,100
74,83,84,93,99,102,106,116,125,125,125,125,9,-0.756102283,0.523661538,0.111392164,Numb,28,94
77,82,84,89,90,98,103,112,115,117,123,124,8,-0.085759237,0.127022835,-0.437926157,Aching,36,94
72,74,82,83,93,102,108,118,125,125,125,125,6,-0.365659615,-0.683451691,-0.700540076,Aching,44,81
49,52,54,60,61,69,72,73,78,86,93,100,8,-0.535348116,-0.307647203,-0.46802743,Aching,64,114
41,45,51,54,64,66,74,83,85,90,100,105,10,-0.04530828,0.374753321,0.255564212,Others,27,97
73,76,83,84,89,93,102,110,117,125,125,125,4,0.65749678,0.971227086,-0.927858445,Pins and Needles,56,97
64,69,73,76,82,90,99,105,114,121,124,125,1,-0.590310005,0.46499681,-0.140191913,Pins and Needles,64,88
48,58,61,63,69,79,88,95,100,105,115,120,4,0.579632955,0.901311098,0.358381143,Aching,69,110
56,57,65,73,81,87,89,93,102,109,111,118,7,-0.23715225,-0.576019497,0.433835292,Numb,70,107
58,62,65,75,77,80,82,88,93,101,108,111,2,0.184220344,0.143658656,0.843973863,Others,55,92
33,39,45,51,55,59,69,74,76,82,91,96,8,0.128831161,0.124324116,-0.874391958,Pins and Needles,66,110
70,77,80,84,86,87,94,96,97,100,108,114,3,-0.024185374,-0.115083518,0.885011411,Stabbing,46,87
90,100,108,111,119,124,125,125,125,125,125,125,9,-0.718361382,0.277606267,0.485596183,Pins and Needles,37,87
58,59,65,70,77,84,94,97,99,100,109,111,9,0.445194428,0.908692404,-0.035329655,Aching,44,84
89,93,103,110,115,116,125,125,125,125,125,125,5,-0.988918299,-0.331867589,-0.390161081,Numb,60,84
31,39,44,46,49,59,69,74,82,86,91,100,8,-0.55891657,0.221181184,-0.630594978,Others,22,88
39,43,45,53,57,66,70,76,79,84,93,103,4,-0.837427317,0.789901342,0.013727039,Pins and Needles,34,88
50,58,68,72,74,80,84,86,96,98,103,105,10,0.121081615,-0.998255322,-0.438085836,Aching,62,113
82,88,89,90,92,101,105,111,117,125,125,125,3,-0.124807686,-0.560296929,0.493471264,Pins and Needles,44,75
57,64,74,83,91,92,94,103,113,115,121,125,5,0.404448343,0.912953215,-0.486193213,Stabbing,67,99
52,62,70,76,78,86,93,96,103,109,116,120,6,-0.211371963,-0.49886171,-0.911910548,Pins and Needles,57,70
80,84,88,90,96,105,106,108,116,125,125,125,1,-0.015153914,-0.173579365,0.3349247,Numb,44,63
43,52,55,63,70,72,80,83,89,93,95,104,9,0.70260796,0.434708768,0.160170432,Burning,63,99
34,41,51,55,56,66,72,73,75,79,83,87,5,-0.537660037,-0.059363878,-0.440838985,Pins and Needles,51,94
48,53,58,63,73,77,85,86,92,100,107,116,8,0.265021504,0.081737396,0.742951502,Aching,63,85
39,44,49,59,66,70,73,82,86,92,99,107,6,-0.299497482,-0.014248806,0.956683958,Burning,41,85
39,47,54,63,64,69,71,72,79,85,90,99,6,-0.162172641,0.081545228,-0.482696684,Numb,60,81
66,70,77,87,96,98,106,111,112,119,125,125,7,0.825307489,-0.387615134,0.89187525,Aching,39,76
47,51,57,61,67,71,72,76,77,79,85,88,2,0.630345929,-0.149376899,-0.956016036,Pins and Needles,68,105
87,91,94,95,98,103,105,113,122,125,125,125,2,0.430427297,0.168286027,0.684195217,Pins and Needles,46,88
78,85,95,105,115,122,125,125,125,125,125,125,5,-0.633830993,0.686917182,0.346914359,Burning,69,102
75,81,90,98,102,106,111,119,125,125,125,125,9,0.232970881,-0.623884331,-0.589874212,Stabbing,68,117
56,59,64,73,79,88,98,100,107,117,120,125,2,-0.022257947,0.894478044,0.430887923,Aching,19,75
70,77,83,88,96,106,107,115,118,122,124,125,8,0.180353814,-0.683626979,-0.952249183,Numb,40,84
63,65,74,78,85,86,94,97,107,111,118,123,7,0.726129549,0.019392407,-0.871010537,Burning,54,83
85,95,99,107,117,123,125,125,125,125,125,125,7,-0.265186739,-0.756634512,-0.726938241,Burning,28,96
71,73,77,78,85,89,92,97,107,110,115,121,5,-0.04224883,-0.983781375,0.949385554,Stabbing,38,95
84,94,103,111,121,125,125,125,125,125,125,125,6,0.621016376,-0.758477182,-0.675546033,Burning,51,102
77,81,88,98,105,110,116,125,125,125,125,125,2,-0.972421757,-0.015905231,-0.991803427,Pins and Needles,33,89
61,62,72,82,87,97,101,111,115,117,122,125,10,-0.241879742,0.460490506,0.877009255,Stabbing,29,91
88,94,101,110,111,113,118,120,125,125,125,125,5,0.190560436,-0.419829598,-0.050953339,Numb,68,102
48,53,61,70,74,75,83,85,94,96,106,113,10,0.735065978,0.714879923,0.719404099,Burning,44,111
75,76,83,92,93,100,104,108,114,120,125,125,5,0.522688387,-0.791279353,0.299539069,Numb,63,72
49,53,58,64,74,81,87,90,97,106,111,121,5,-0.874670698,-0.803361696,-0.97419736,Others,48,95
57,63,66,75,82,85,92,102,104,108,111,120,9,0.446526028,-0.725700791,0.785765263,Others,65,118
63,64,72,78,80,87,91,93,99,104,111,121,4,-0.24063492,0.788430481,-0.440167836,Stabbing,22,54
90,92,101,108,109,111,120,122,124,125,125,125,9,-0.273392378,-0.444345732,0.676383757,Stabbing,26,79
70,79,82,83,91,101,107,111,119,123,125,125,1,-0.542822104,0.942754479,-0.540852833,Burning,34,79
81,82,90,100,103,112,115,124,125,125,125,125,7,-0.223458477,-0.637655692,0.393260521,Aching,57,82
54,55,61,70,75,79,84,90,92,94,97,105,1,-0.721310141,0.946422562,0.542061572,Others,68,90
44,45,53,60,66,74,75,83,85,86,96,102,5,0.394561308,0.032699881,0.250896869,Stabbing,24,67
70,73,79,89,97,100,101,102,106,113,120,125,10,-0.032195362,-0.837835271,0.075511017,Stabbing,68,102
38,41,51,56,58,61,71,72,80,90,98,107,9,-0.450543117,-0.170467712,-0.688631788,Aching,58,96
68,69,77,81,89,90,94,95,101,109,115,124,9,-0.555855406,-0.449897583,-0.834422579,Others,43,86
57,60,63,73,80,82,86,94,104,105,113,118,10,0.558793281,0.589007285,0.929357717,Stabbing,24,103
89,93,103,109,116,125,125,125,125,125,125,125,2,0.54636346,0.925299795,-0.033333764,Pins and Needles,34,81
60,64,68,76,81,89,95,105,110,115,118,123,2,-0.009711704,0.467971443,-0.722849551,Pins and Needles,23,69
37,42,44,45,51,52,56,57,62,69,71,73,8,-0.9600076,0.845727898,0.973473933,Aching,65,98
65,69,75,78,83,88,97,98,107,112,119,121,1,0.760251004,0.524705359,0.326927055,Others,30,76
58,65,74,78,80,90,99,108,110,117,123,125,9,0.403827768,0.682248608,0.820894388,Burning,49,110
30,34,38,45,52,59,62,67,73,82,86,95,1,-0.644237398,-0.104402689,0.899980168,Burning,24,83
53,62,71,73,77,80,81,84,88,98,106,112,3,0.624248701,0.115251422,0.649595014,Numb,58,91
41,50,52,55,59,66,74,79,81,87,97,103,2,-0.668099634,-0.851436911,-0.144230586,Pins and Needles,66,84
41,46,48,52,58,60,66,74,81,91,96,105,6,0.479944186,-0.532126864,0.216550846,Stabbing,29,54
47,54,60,69,78,86,96,98,99,102,111,113,4,0.482622976,-0.409450323,0.016304879,Pins and Needles,47,93
45,48,51,61,64,68,75,78,80,84,85,90,4,-0.367679498,0.803432002,-0.782474586,Pins and Needles,65,75
35,36,44,48,50,58,59,69,74,83,86,88,6,0.853206512,-0.625904854,0.391561398,Numb,47,97
53,58,63,69,75,82,92,94,95,105,112,114,6,-0.988941097,0.871304778,0.289651144,Stabbing,34,97
55,57,59,61,66,70,79,86,94,95,99,106,2,0.742041058,-0.841923464,-0.308501915,Burning,28,87
46,51,52,58,59,62,67,75,85,93,97,101,9,-0.14257609,-0.041788388,-0.450407415,Stabbing,38,82
63,73,75,76,78,79,80,85,89,90,99,103,4,0.724638217,0.920015894,0.312477746,Numb,23,82
39,46,55,58,60,62,66,74,80,82,89,97,6,0.780195308,-0.692254441,0.731203664,Aching,29,90
35,36,37,41,50,57,58,63,70,74,83,86,1,0.417011296,-0.542050135,-0.3713273,Numb,42,60
49,58,64,72,73,76,86,92,100,102,105,111,8,-0.191675359,-0.27231901,0.655670897,Aching,69,111
86,93,97,105,111,121,125,125,125,125,125,125,3,0.594412794,0.870186403,0.93380978,Others,45,95
84,92,94,98,100,106,113,123,125,125,125,125,2,0.996122001,0.745030811,-0.696587803,Others,47,84
36,39,47,52,53,61,71,72,73,82,92,99,6,0.101425249,-0.668892007,0.556871012,Pins and Needles,57,102
80,81,90,95,98,105,109,111,115,118,125,125,6,0.193712635,-0.29987595,-0.552095336,Aching,26,90
52,58,59,60,65,69,78,85,93,100,106,111,7,0.619780892,-0.452726203,-0.244467038,Stabbing,23,82
69,79,88,98,101,111,117,124,125,125,125,125,5,-0.457682704,-0.569247023,-0.59331646,Pins and Needles,50,97
83,91,92,102,107,114,122,125,125,125,125,125,10,-0.293063351,0.230920083,0.159006188,Stabbing,43,85
77,78,79,86,90,98,100,106,108,115,117,123,4,-0.204463549,-0.857173397,-0.902753856,Burning,19,65
66,72,79,81,86,93,102,106,115,119,125,125,4,-0.362310967,-0.020978144,-0.134029231,Aching,67,85
73,83,86,88,89,99,105,110,115,121,125,125,1,0.41817671,-0.214067758,-0.872648317,Stabbing,25,75
56,60,63,65,72,73,79,87,97,100,109,117,3,0.365176854,0.101379577,0.690358949,Aching,59,79
80,85,87,94,102,109,113,115,116,123,124,125,9,-0.499849996,0.774846821,-0.648790524,Others,32,90
87,88,92,96,103,111,116,117,125,125,125,125,10,-0.374130701,0.766220165,-0.935642559,Others,22,76
81,91,99,109,111,121,125,125,125,125,125,125,8,0.698532507,-0.055925432,-0.86084544,Numb,62,86
79,80,89,92,101,110,120,125,125,125,125,125,4,0.855875224,0.647996242,-0.151960989,Burning,34,69
43,48,50,55,61,70,74,76,82,88,93,96,1,-0.727568576,0.337245723,0.650022822,Aching,20,67
40,48,53,55,62,66,69,77,78,84,88,97,6,-0.587154534,0.886589997,-0.346445875,Stabbing,59,91
32,40,47,54,62,66,72,80,90,93,101,106,6,0.01182261,-0.346238484,-0.381912281,Stabbing,68,83
61,69,70,79,88,90,94,101,111,115,116,125,5,-0.453940217,0.633407465,0.327385366,Others,39,96
82,85,92,99,107,115,125,125,125,125,125,125,5,-0.05224785,-0.723908344,0.078192284,Pins and Needles,50,77
48,55,62,69,79,82,86,89,94,96,105,115,3,0.136465584,-0.890047376,0.92205081,Aching,37,86
55,62,68,71,81,84,88,93,101,102,112,115,8,0.333989354,0.390017799,-0.499981386,Numb,37,98
84,89,96,100,104,108,116,118,121,125,125,125,9,0.500158275,-0.508512775,-0.160855741,Stabbing,20,84
71,72,80,87,91,92,102,111,112,116,125,125,8,-0.439914646,-0.774254087,0.501512938,Pins and Needles,33,69
47,51,60,65,70,73,74,84,92,95,103,111,9,-0.497548556,-0.973949481,-0.62766612,Burning,69,101
51,61,71,75,84,85,94,100,108,115,117,124,4,0.941598195,-0.287256515,0.711200949,Pins and Needles,56,64
90,94,99,104,106,114,119,121,125,125,125,125,2,-0.629210542,-0.377416404,-0.442602322,Stabbing,65,92
66,75,76,83,88,96,101,109,117,124,125,125,10,-0.274657441,0.931029212,-0.742964322,Stabbing,45,108
37,39,41,47,57,58,60,70,77,87,95,104,5,0.069763855,0.023552615,0.762274079,Pins and Needles,58,78
64,74,78,86,89,92,93,96,99,104,111,120,7,0.564501149,-0.684179672,0.502995838,Numb,61,105
62,72,74,78,81,89,98,103,111,118,120,125,8,0.720915362,-0.424767136,-0.297685483,Pins and Needles,69,95
52,60,66,76,80,88,96,98,108,118,125,125,1,-0.885422627,-0.881667562,0.413426007,Numb,43,83
67,76,81,83,89,92,96,99,100,107,109,119,10,0.72593971,0.456508,0.348969035,Stabbing,67,80
33,42,50,57,61,70,80,90,96,99,109,110,6,-0.926047978,-0.095241046,-0.228866272,Stabbing,42,86
60,66,67,70,79,83,91,100,104,105,111,113,10,-0.53622499,0.975143277,-0.250323093,Numb,48,109
40,45,47,53,54,56,62,64,70,78,84,94,9,-0.776527512,-0.73619868,0.714531976,Pins and Needles,65,103
32,34,37,43,51,53,63,70,78,88,91,101,4,0.085474994,-0.315687254,-0.972342453,Stabbing,31,84
50,55,64,68,77,87,93,99,109,116,117,118,9,0.820655629,0.094635189,-0.753548799,Others,42,104
49,51,52,62,68,76,77,87,92,102,111,115,4,0.728646709,0.186329861,0.704787477,Stabbing,25,91
46,48,58,65,66,72,75,77,79,86,96,100,9,0.866861108,-0.915140701,0.097100824,Aching,29,96
73,75,84,92,95,98,102,106,111,119,120,125,9,0.967606131,0.393112472,-0.714983825,Burning,70,113
42,43,47,49,56,64,69,71,75,81,91,97,6,-0.314916274,-0.312139585,0.959260585,Numb,23,91
31,37,47,53,58,64,65,72,75,83,92,97,10,0.026188259,-0.239192398,-0.921146044,Pins and Needles,50,110
65,66,67,73,81,83,87,88,91,100,108,114,5,-0.326181468,-0.384565496,0.551518188,Pins and Needles,68,112
84,87,95,96,102,109,117,121,125,125,125,125,3,0.940916725,0.827694124,-0.806790206,Stabbing,51,92
78,83,86,90,100,104,110,115,125,125,125,125,6,0.786047457,0.119869127,0.599450302,Stabbing,54,103
81,82,91,98,102,111,117,119,125,125,125,125,9,-0.209375269,-0.960284269,-0.72582036,Burning,44,109
62,72,75,80,82,88,90,98,105,111,113,116,3,-0.183281108,-0.299493451,-0.953654605,Others,68,88
73,82,88,98,99,106,108,112,117,118,122,124,7,-0.935445213,0.52198087,0.203165933,Numb,50,106
41,48,50,56,58,64,67,69,79,86,89,97,2,-0.982526601,-0.805589033,0.842910974,Pins and Needles,38,92
87,90,92,99,103,113,114,120,125,125,125,125,9,0.257314742,-0.126905338,0.993095042,Pins and Needles,53,106
39,43,44,50,54,55,58,68,78,82,87,96,5,-0.577346983,-0.009216859,0.676897599,Aching,19,65
31,32,37,41,49,53,63,71,81,91,101,105,10,0.826623761,0.934645365,-0.397360138,Aching,65,83
82,90,91,98,102,106,116,122,125,125,125,125,2,0.652676452,-0.395876559,-0.884558878,Numb,61,93
54,63,66,74,84,94,103,112,114,118,125,125,6,-0.075606104,0.918730694,-0.176229787,Numb,58,70
45,52,53,58,65,70,73,78,82,87,94,97,5,0.74079861,0.150045063,-0.458690236,Pins and Needles,62,98
44,53,54,60,64,68,77,86,94,103,110,116,1,0.727191908,0.361628585,-0.722895862,Numb,18,72
47,55,65,67,77,86,92,93,96,103,112,120,8,-0.97389773,0.31120793,0.518044034,Pins and Needles,37,71
63,65,69,70,72,80,85,90,95,100,105,112,2,-0.164341021,-0.391519256,0.420179358,Aching,43,66
60,62,69,70,74,79,88,97,103,105,113,114,8,-0.882310402,-0.420160097,0.090811703,Pins and Needles,50,96
66,72,78,86,96,102,110,111,112,118,124,125,2,-0.044157536,0.539993348,0.03601515,Others,44,74
70,80,86,96,103,110,112,118,122,125,125,125,10,-0.914018271,-0.137478852,-0.36878381,Aching,57,112
85,87,88,98,103,111,113,117,119,124,125,125,4,0.121499804,0.090977409,0.216938027,Burning,45,61
37,44,53,56,65,73,79,80,82,92,99,100,8,-0.048727016,-0.029277923,-0.941821389,Aching,59,87
43,47,51,59,64,65,71,75,76,82,88,94,5,-0.839689676,0.882886951,-0.090784202,Aching,27,67
70,71,73,83,86,87,95,96,99,102,110,117,1,0.804702622,-0.388750659,-0.990046907,Stabbing,51,78
62,67,71,77,78,85,89,90,97,98,105,108,4,0.412066449,-0.990233781,-0.844298874,Stabbing,28,82
34,37,42,43,52,58,60,63,65,68,70,75,4,-0.736053843,0.85574897,0.652960527,Burning,52,95
61,71,80,90,98,106,115,124,125,125,125,125,5,-0.457583724,0.259638942,0.343818482,Aching,62,97
33,43,44,52,55,57,62,64,70,71,81,83,7,-0.705265647,-0.745762109,-0.887010805,Others,26,81
79,85,95,104,111,114,120,122,125,125,125,125,5,0.480196816,0.304892154,-0.932335495,Numb,22,56
68,74,83,86,88,89,92,94,104,112,116,125,5,-0.991791219,0.995980461,-0.141484708,Pins and Needles,20,82
83,92,98,104,112,122,125,125,125,125,125,125,9,-0.707800627,-0.248955481,-0.458674369,Aching,50,104
36,46,55,63,67,72,81,88,93,102,111,118,6,-0.681140414,0.652920754,0.777368976,Others,63,75
82,92,93,101,106,108,118,125,125,125,125,125,10,0.610126819,0.382129822,0.350277292,Burning,62,97
81,83,86,94,99,109,116,125,125,125,125,125,2,0.988237321,0.659769829,-0.225723824,Others,30,81
78,79,80,82,84,86,93,101,106,109,116,118,5,0.962108981,-0.828010515,0.504805462,Stabbing,41,89
45,51,53,63,68,73,76,86,91,94,98,105,6,-0.518552785,-0.0728589,0.235095484,Pins and Needles,66,65
59,69,72,76,78,84,87,94,98,107,113,119,2,0.069259437,0.643622535,-0.242281861,Burning,38,72
52,57,58,61,71,75,79,86,90,92,99,105,6,0.860349921,0.035443235,-0.119358921,Stabbing,20,83
67,74,75,78,88,97,103,110,120,125,125,125,7,0.28897602,0.966546209,-0.520363444,Aching,40,86
42,50,59,61,70,80,86,91,96,105,107,116,10,0.449193142,0.176989122,-0.734397131,Numb,27,86
31,36,42,48,51,59,67,77,86,96,102,108,6,0.038026065,-0.123377936,0.204094771,Pins and Needles,34,96
79,81,91,101,109,118,125,125,125,125,125,125,4,-0.308909062,-0.547401109,-0.991392372,Stabbing,30,78
82,83,93,98,105,110,111,112,119,121,125,125,1,0.921309071,0.096851144,-0.229462698,Stabbing,45,86
30,38,40,46,47,48,58,68,74,76,79,82,8,0.253462748,0.953907825,0.894754605,Pins and Needles,66,105
82,84,85,87,97,101,102,106,108,118,124,125,3,-0.423815872,-0.352716041,-0.883327782,Numb,53,90
34,44,46,53,62,71,79,84,94,103,112,122,4,0.304863356,-0.130438114,0.667144604,Others,66,99
38,44,50,54,59,65,67,74,76,79,86,90,4,-0.964518074,-0.251423109,0.89714983,Stabbing,59,106
80,81,91,100,104,109,112,117,125,125,125,125,9,0.053115432,0.357344196,-0.250958096,Burning,35,101
61,69,78,84,93,103,107,115,125,125,125,125,3,-0.014198447,0.715195585,0.780842355,Stabbing,33,89
41,46,51,58,61,67,68,74,76,85,92,96,2,0.280097511,-0.165485091,-0.436849134,Aching,38,67
73,79,87,95,99,104,112,122,125,125,125,125,7,0.294729581,0.074566233,0.550357695,Numb,58,103
30,36,41,42,49,57,67,76,78,84,87,89,10,-0.182011402,0.54582477,0.809433507,Numb,33,96
90,92,93,97,101,105,109,119,125,125,125,125,5,-0.58891402,0.865144558,0.668018953,Burning,34,75
35,43,53,55,61,65,66,74,78,80,83,87,7,0.673084253,-0.230460332,-0.49735079,Numb,60,81
79,81,88,95,101,107,112,117,120,125,125,125,4,0.833713133,0.884547249,-0.453823365,Others,64,88
83,84,90,100,109,110,111,121,125,125,125,125,5,-0.942018258,-0.66664906,-0.043135467,Burning,43,61
58,67,77,83,90,92,98,101,109,116,122,125,7,-0.666605592,-0.97254893,0.967474401,Others,53,98
84,88,91,99,103,110,117,121,125,125,125,125,9,0.630138301,-0.455014582,-0.750249962,Numb,43,84
89,94,97,98,103,109,119,125,125,125,125,125,7,0.999269653,-0.795918447,0.829034288,Burning,34,91
81,89,95,105,107,111,120,121,125,125,125,125,10,0.551857234,0.030693467,-0.603937401,Pins and Needles,25,66
65,68,72,79,86,96,102,103,111,121,125,125,3,-0.382057403,-0.392149159,0.186801509,Aching,63,98
31,32,38,43,51,57,64,67,74,76,79,82,4,-0.259947004,-0.912918884,0.012360371,Others,70,108
32,39,45,52,57,65,73,81,86,93,101,111,1,-0.042452717,0.320166882,-0.849068457,Pins and Needles,32,56
87,91,93,99,108,117,124,125,125,125,125,125,5,0.583656066,0.375393051,0.329975776,Stabbing,59,108
88,91,97,100,101,104,108,111,112,120,125,125,8,0.107858586,0.619681918,-0.184441241,Aching,48,102
76,84,90,93,94,97,106,107,110,119,125,125,6,0.09399808,0.52769531,-0.429498079,Stabbing,36,98
58,60,64,69,72,82,84,86,94,101,111,113,5,0.089587921,0.01886117,-0.038459037,Others,66,100
70,79,86,96,106,115,116,121,123,125,125,125,2,0.831942126,-0.321781265,-0.189327652,Others,41,79
80,81,89,94,98,105,114,124,125,125,125,125,1,0.528262543,0.561260476,-0.555814076,Stabbing,61,87
52,56,62,71,73,83,90,93,100,102,107,110,7,-0.632747125,0.634141223,-0.775682945,Burning,65,91
83,90,100,110,113,122,125,125,125,125,125,125,3,0.715134781,0.615736808,0.241289069,Pins and Needles,47,72
51,57,66,71,80,88,89,94,98,100,106,113,6,0.662288045,-0.036334897,-0.392526837,Stabbing,58,70
30,33,37,47,50,57,66,75,84,87,90,94,9,0.958441144,0.786759905,-0.792615731,Burning,42,105
70,72,79,85,93,101,110,111,117,124,125,125,8,-0.078345593,0.357341668,0.366197374,Pins and Needles,60,114
52,57,58,67,68,73,77,86,92,94,101,109,2,-0.462827325,-0.783917231,0.375506371,Stabbing,56,78
35,44,51,54,63,72,78,87,93,102,106,116,5,-0.984078143,0.162047865,-0.869618685,Stabbing,57,94
48,52,55,58,68,78,83,84,85,95,105,110,6,-0.39085792,0.917423383,0.545165855,Burning,55,100
65,67,72,74,80,89,90,91,99,105,115,116,8,0.233915187,-0.714994527,0.907501623,Others,29,90
76,84,94,95,100,101,106,116,119,124,125,125,7,0.662782927,0.759983992,-0.294069616,Pins and Needles,67,105
48,53,56,60,70,72,80,87,88,93,95,100,9,-0.689769948,-0.289638448,-0.281639624,Burning,51,93
41,46,50,58,67,74,80,89,99,102,112,113,5,-0.435488059,-0.260498696,-0.829065842,Others,61,92
72,79,89,99,105,110,118,119,122,125,125,125,10,-0.436092072,-0.863404527,-0.531383323,Numb,40,86
65,72,81,89,98,105,112,121,125,125,125,125,7,0.672039085,0.76370186,0.099825853,Pins and Needles,25,89
33,43,44,52,62,66,68,76,86,90,91,95,2,0.555541592,0.723829723,-0.321503081,Pins and Needles,50,55
36,39,49,52,57,64,69,77,84,86,92,101,6,-0.412782488,-0.188952395,-0.478213897,Aching,33,74
54,58,68,77,81,85,91,93,97,101,108,116,2,-0.226567162,0.209276393,-0.842900504,Numb,62,82
32,41,46,53,58,59,65,66,70,78,85,87,4,-0.718859579,-0.894330955,0.45455793,Numb,20,78
53,63,73,83,87,95,105,106,108,109,119,123,7,-0.230375353,-0.712775718,0.171566113,Pins and Needles,40,104
40,48,53,60,62,67,77,82,89,92,97,103,1,-0.899176383,0.334958066,0.339054433,Pins and Needles,63,100
52,55,62,63,73,79,88,96,101,105,115,116,6,-0.225704045,-0.207710175,-0.384630766,Numb,20,79
42,47,53,62,70,71,78,88,97,100,108,112,5,0.593047332,-0.877127892,-0.600586296,Pins and Needles,37,87
69,77,81,89,94,101,109,113,123,124,125,125,10,-0.355624447,0.881035488,-0.63150909,Stabbing,25,98
86,87,95,105,114,121,125,125,125,125,125,125,6,-0.455224589,0.733251225,-0.293092994,Stabbing,24,70
54,63,71,72,80,87,88,94,99,104,112,113,4,-0.349235,-0.424238803,-0.089995761,Stabbing,22,66
75,83,87,93,103,112,117,125,125,125,125,125,5,-0.288227748,0.62579047,0.432174717,Pins and Needles,41,92
85,86,87,88,89,91,101,110,116,121,123,125,10,0.932509531,-0.45764669,-0.394595387,Numb,61,85
65,74,75,80,83,84,88,89,93,95,96,97,7,-0.286672078,-0.025849477,0.774863538,Pins and Needles,31,91
66,76,79,82,92,96,103,110,112,118,123,125,7,0.771852677,0.115834813,-0.772694368,Others,30,98
77,78,80,84,91,99,106,112,119,123,124,125,3,0.552999901,0.128498751,0.465911694,Numb,58,74
75,78,88,94,100,102,104,111,119,123,125,125,1,0.477616594,0.026468713,0.630881325,Pins and Needles,60,84
47,52,58,61,64,70,77,84,91,98,100,102,2,0.155719112,-0.217666194,0.513834583,Stabbing,56,91
57,66,72,78,80,83,91,98,100,102,112,115,8,0.821510518,0.49903209,0.778918881,Others,47,82
44,47,56,63,65,66,68,74,80,87,94,95,10,-0.057410376,-0.233220751,0.758785386,Aching,29,105
76,83,93,96,100,106,107,115,122,124,125,125,6,0.196290399,0.970051755,0.78585876,Pins and Needles,65,70
53,56,59,65,75,83,90,92,95,104,112,117,7,0.312761105,0.162620368,-0.501893338,Numb,46,103
34,35,36,42,45,47,52,60,68,72,76,81,3,-0.433459032,0.434445719,0.166154217,Stabbing,35,72
39,49,52,57,63,69,78,84,91,99,109,111,1,0.442731076,0.011302766,0.634484394,Pins and Needles,30,51
74,75,79,80,90,96,100,108,118,125,125,125,3,-0.217451698,-0.664728613,0.617800686,Aching,22,82
50,57,67,72,74,76,80,86,96,97,99,104,9,-0.265722605,0.485928797,0.055574156,Numb,57,84
47,50,56,61,68,70,75,79,89,96,106,114,7,-0.616818839,0.727818018,0.387475301,Pins and Needles,30,61
54,58,66,68,71,74,80,84,92,94,103,106,9,-0.445956785,0.594438445,0.940498702,Stabbing,28,77
49,57,66,69,74,79,80,84,89,97,103,107,10,0.21550566,-0.572334343,-0.416402124,Others,39,93
82,92,101,103,107,117,120,124,125,125,125,125,9,0.234068627,-0.458069034,-0.457407677,Burning,36,104
44,49,51,55,58,63,69,71,75,83,92,101,3,0.368786045,0.957413077,-0.084581904,Aching,59,102
41,50,51,58,63,67,75,81,84,87,93,98,6,0.168833997,-0.771714049,-0.879156286,Pins and Needles,24,64
86,93,97,102,112,118,124,125,125,125,125,125,2,-0.506310751,-0.648930833,0.62676904,Burning,59,67
51,61,69,71,80,90,95,103,104,113,116,125,5,-0.430924746,0.946668897,0.508414508,Aching,27,75
47,51,57,67,68,71,73,81,84,85,92,95,5,0.863733044,-0.700417617,-0.770999045,Pins and Needles,46,100
68,74,82,84,92,96,103,109,119,125,125,125,8,-0.333059087,-0.972581366,0.110788791,Stabbing,35,82
39,48,50,53,62,67,71,78,81,86,93,96,9,-0.143298827,-0.466696793,-0.947835309,Numb,62,89
71,72,82,91,100,101,102,110,115,125,125,125,7,-0.292856804,0.206619076,-0.041185264,Stabbing,64,103
50,54,60,64,72,80,90,98,100,102,108,111,2,0.401333266,-0.122602707,-0.212240176,Stabbing,65,72
77,87,95,100,103,113,118,125,125,125,125,125,10,-0.470034279,-0.362481842,0.94637407,Burning,68,120
68,70,77,83,84,94,102,107,116,117,118,123,2,0.573609434,-0.408887799,-0.796617445,Stabbing,33,88
65,69,74,79,87,89,92,95,102,103,111,117,7,0.683634326,-0.619108034,0.631921126,Pins and Needles,67,93
76,83,91,99,102,106,116,117,122,125,125,125,6,-0.070549718,-0.586941767,0.327951822,Others,41,102
83,88,91,96,106,113,123,124,125,125,125,125,9,0.073741977,0.437815112,0.221202379,Burning,69,112
42,48,50,56,60,61,65,73,80,89,91,95,3,0.786865638,-0.104168021,0.592198043,Others,44,88
71,74,82,88,98,105,106,110,117,120,123,125,7,-0.615489328,-0.293805316,-0.579116233,Burning,27,78
43,48,52,62,70,80,82,88,94,100,102,110,10,-0.083203338,-0.09529668,0.103628396,Pins and Needles,49,90
61,63,71,76,80,89,95,97,98,102,105,110,7,0.31621142,0.783751656,0.605279283,Stabbing,42,100
89,97,100,104,110,117,122,124,125,125,125,125,9,-0.936051552,0.329518254,0.805342628,Pins and Needles,51,108
65,70,72,80,87,96,105,106,115,122,125,125,6,0.517454787,0.586063067,-0.539304985,Aching,41,76
74,82,89,96,102,107,109,110,112,121,125,125,10,0.751987792,0.662183717,-0.334616026,Numb,41,100
70,74,75,80,88,94,95,102,111,118,120,125,1,0.792645975,-0.506698448,0.529891519,Burning,36,83
81,82,88,95,103,112,115,119,123,125,125,125,6,-0.183672728,0.105536085,0.908005907,Stabbing,34,89
60,70,72,77,84,90,97,104,105,110,120,125,1,0.600638646,-0.140499266,0.349119776,Others,51,92
59,67,68,73,81,87,92,93,94,96,100,106,10,-0.803117769,-0.386895248,0.041698485,Stabbing,34,108
60,70,76,82,89,90,97,100,103,108,109,112,4,0.564477753,0.566874916,-0.257975524,Burning,48,101
43,45,55,64,69,73,81,83,93,102,103,108,10,-0.947305871,0.500890079,0.848363659,Numb,48,112
77,80,82,90,91,99,104,114,118,125,125,125,10,0.714243794,0.174442464,0.268283191,Pins and Needles,54,107
88,92,96,101,108,110,117,122,125,125,125,125,5,0.980934901,0.640697831,0.741344816,Aching,58,103
45,49,57,59,65,68,76,82,90,94,102,107,10,0.665077792,-0.979696783,-0.664943105,Others,40,91
45,54,58,63,72,79,84,89,98,100,107,110,10,0.855375093,-0.228766452,-0.830696773,Aching,55,91
71,72,82,86,90,98,107,111,113,120,125,125,3,0.413802304,-0.921951032,0.643572977,Aching,23,82
62,70,75,78,84,93,94,98,107,116,124,125,6,-0.059104005,0.664207358,-0.039045734,Burning,58,85
37,41,44,47,52,58,66,74,80,89,91,98,6,0.273808309,0.99115784,-0.454933965,Pins and Needles,45,68
66,73,82,83,86,95,101,108,110,112,122,125,1,-0.18467566,-0.39438749,-0.886232569,Aching,60,75
63,64,72,75,79,86,93,102,112,114,121,125,1,-0.186811238,-0.05840751,0.546567691,Aching,37,71
57,58,68,73,74,82,87,92,93,102,105,112,2,-0.043714766,-0.496885727,-0.081510914,Numb,34,68
33,35,43,48,53,62,63,72,75,77,81,84,3,-0.273912277,0.093464415,-0.653894438,Pins and Needles,46,78
73,76,85,87,91,95,104,109,116,123,125,125,3,-0.791454581,-0.662708973,0.091901248,Burning,30,82
46,52,53,59,64,69,71,72,79,84,89,90,4,0.155736505,-0.180862584,-0.106328952,Burning,70,103
82,83,87,88,96,105,109,116,119,125,125,125,7,-0.852457522,-0.752962748,0.510381895,Others,65,113
34,39,44,45,48,55,62,65,75,82,92,96,6,-0.634460446,-0.187747588,0.001030845,Pins and Needles,70,91
34,38,43,51,52,58,63,65,66,74,84,86,1,-0.206518926,-0.908092269,-0.844689556,Numb,34,77
58,62,68,71,76,78,88,91,100,104,107,117,1,-0.863374441,-0.433768728,0.824765686,Burning,23,75
63,65,75,80,84,91,101,110,118,120,125,125,10,-0.022479506,-0.114727787,0.602459518,Stabbing,21,96
60,68,70,77,84,92,101,109,112,120,124,125,8,-0.8881831,-0.915444175,0.496218642,Aching,69,101
62,63,68,78,83,93,94,104,108,112,121,123,7,0.731851768,-0.975408357,-0.741535622,Burning,39,97
49,57,58,61,62,65,66,70,75,84,86,96,6,-0.772815759,0.323839997,-0.324286936,Aching,56,101
47,57,58,67,74,76,81,90,91,94,104,109,5,-0.060887978,0.983234648,0.614189864,Numb,67,110
63,66,74,81,91,99,109,115,116,120,125,125,5,0.00497891,0.684347649,0.829838236,Aching,19,86
76,82,91,97,106,116,124,125,125,125,125,125,1,-0.086479005,0.041871897,-0.317794837,Burning,20,59
60,67,71,73,80,90,97,107,112,115,120,125,2,-0.690207512,-0.982407365,0.909285757,Stabbing,57,90
72,79,80,88,92,93,102,109,117,123,124,125,3,-0.782080555,0.594193425,-0.543898682,Burning,19,78
72,73,79,85,88,98,105,110,118,121,125,125,5,-0.047801667,-0.020443798,0.559826962,Stabbing,59,68
51,53,62,64,70,72,82,83,91,97,105,109,5,0.019065727,0.305401919,-0.933583375,Numb,65,107
54,60,64,74,78,85,92,95,100,102,107,114,4,0.756225877,0.670154254,-0.170355689,Stabbing,47,97
85,92,95,97,98,102,103,104,109,111,115,116,3,-0.805727708,-0.614990305,0.155131852,Numb,43,74
90,98,107,113,121,125,125,125,125,125,125,125,3,-0.729274948,-0.689091401,0.410407579,Burning,29,84
51,58,68,75,82,92,100,109,117,123,125,125,7,0.770587,-0.521787643,-0.122495839,Stabbing,25,81
72,79,82,88,91,101,105,114,116,121,125,125,7,-0.163720859,0.044399804,0.08556049,Burning,22,90
74,83,90,92,100,106,111,119,125,125,125,125,6,0.827277651,-0.74393636,0.34739088,Aching,23,77
58,64,70,78,79,86,88,92,97,99,109,118,8,-0.572968791,-0.95206421,-0.769345926,Numb,65,101
41,51,54,63,67,72,79,85,93,100,108,112,5,0.55097986,0.474912827,-0.385062372,Burning,25,77
77,84,85,86,96,97,105,113,115,120,125,125,5,0.859989139,-0.165535697,-0.476741493,Pins and Needles,28,68
90,94,104,112,114,116,118,125,125,125,125,125,7,0.822706435,0.160607047,0.238466945,Aching,55,74
36,40,41,48,56,63,68,78,79,89,99,107,6,0.687980164,0.820546795,0.456733573,Numb,48,94
44,46,54,60,65,68,73,82,92,102,109,116,4,0.669891001,-0.542342973,-0.851979431,Burning,60,85
77,87,94,101,106,107,109,116,123,125,125,125,7,0.445450119,0.587707278,0.303891311,Pins and Needles,54,106
42,46,49,58,67,68,70,79,85,94,101,103,7,0.015120851,-0.856313871,0.799229198,Others,41,93
50,59,68,78,85,89,97,98,102,103,107,112,5,0.300677648,-0.55731555,0.532328948,Pins and Needles,21,55
77,86,94,100,101,105,110,119,120,125,125,125,9,-0.616165735,0.334826891,-0.635521049,Others,66,104
46,48,49,58,61,69,70,78,87,89,90,93,10,0.527260016,-0.804564135,0.482831468,Numb,56,91
53,56,64,71,77,78,85,86,90,94,101,106,6,-0.410093003,0.139164113,0.598507063,Stabbing,29,78
89,94,97,105,106,110,117,118,119,125,125,125,4,0.679414203,-0.84979056,-0.945990611,Stabbing,59,75
48,53,61,63,72,81,86,89,97,107,115,118,10,0.293596187,-0.397034522,-0.051790835,Others,41,90
41,47,50,53,57,59,61,71,80,89,96,105,9,-0.33834613,0.843242557,-0.35063556,Stabbing,49,106
86,87,94,96,97,99,106,115,120,125,125,125,8,0.410974335,0.45596104,-0.743720604,Pins and Needles,48,90
52,61,65,70,78,83,92,98,100,108,116,125,3,-0.222674452,0.150221322,-0.828151854,Burning,66,94
32,35,45,49,51,61,66,68,77,78,79,88,1,0.4510843,-0.588878018,-0.064670184,Pins and Needles,45,70
85,91,92,101,107,113,118,124,125,125,125,125,8,0.431225292,-0.848963016,-0.700926944,Others,20,70
63,65,69,75,76,84,85,95,97,102,106,109,3,0.280065991,0.64191641,0.083643743,Stabbing,60,91
87,90,98,106,116,124,125,125,125,125,125,125,5,0.155156003,-0.619922765,-0.318651595,Aching,43,90
48,57,63,65,67,69,70,74,81,84,88,95,8,0.030387911,-0.065337802,0.72646074,Others,32,79
39,40,43,48,51,60,68,71,75,77,84,91,10,0.748980037,-0.08767324,-0.764889311,Pins and Needles,30,85
89,93,98,103,111,116,117,119,124,125,125,125,9,0.367157441,0.237572297,0.641524408,Others,28,96
74,79,82,89,94,97,107,108,114,116,125,125,3,-0.413953888,0.939569589,-0.382499319,Others,38,78
80,89,99,105,115,116,125,125,125,125,125,125,4,0.557199925,0.356722274,0.347257704,Aching,54,81
69,79,82,86,91,99,109,116,125,125,125,125,10,0.853542397,-0.739824284,0.576953089,Others,37,108
34,43,51,56,58,64,70,79,88,89,97,107,2,0.105445736,0.248015309,-0.612195853,Aching,35,87
69,70,73,82,88,97,98,107,116,123,125,125,1,0.395332559,0.19746092,0.786897706,Numb,40,67
69,73,77,85,91,99,104,111,119,125,125,125,5,0.169867706,-0.554034113,-0.632009379,Pins and Needles,43,94
69,77,84,91,94,103,109,111,118,124,125,125,7,0.570700748,-0.293543136,-0.891085008,Pins and Needles,50,68
86,90,93,100,105,111,119,125,125,125,125,125,2,-0.12143398,0.865812333,-0.198128542,Stabbing,67,98
62,64,67,72,82,85,92,97,99,102,105,106,3,-0.73250167,-0.320322668,0.714591043,Stabbing,48,94
54,55,63,72,73,77,81,82,92,99,104,108,5,-0.306860136,-0.694890721,-0.980350438,Stabbing,64,99
43,46,49,59,62,65,68,77,80,90,98,103,9,-0.038600539,0.305153064,-0.662920423,Burning,60,102
64,69,71,73,74,75,85,92,96,103,109,111,8,-0.539342299,0.322709632,0.508842926,Stabbing,44,96
66,74,82,91,101,110,112,114,117,125,125,125,8,0.622644304,-0.691950702,0.61730752,Burning,64,94
30,35,36,43,48,49,57,64,67,73,75,76,4,0.452342527,-0.428133237,0.639638136,Stabbing,39,97
89,92,94,96,97,102,112,114,120,123,125,125,1,0.525705387,0.064952371,0.256240063,Aching,64,100
32,34,37,44,53,59,63,72,75,79,81,87,2,0.789010453,0.493091389,-0.231511629,Numb,23,71
33,43,50,58,67,76,81,87,95,100,107,115,7,-0.248963576,-0.345243754,0.334492727,Burning,54,81
45,46,55,56,66,74,76,84,91,93,102,103,1,-0.813138351,-0.257563055,0.486704842,Numb,38,74
55,62,66,67,72,81,91,97,107,108,111,117,1,-0.419587583,-0.497727563,-0.995409594,Numb,52,71
51,58,66,68,70,73,74,80,85,89,95,101,1,0.133599337,0.679980433,0.709196607,Pins and Needles,30,64
75,85,89,98,105,113,115,124,125,125,125,125,2,0.458549719,-0.726877965,0.803241132,Pins and Needles,55,97
36,37,40,48,51,52,54,61,62,72,75,76,8,-0.00253525,-0.359480318,0.359606189,Pins and Needles,63,117
56,63,64,72,75,80,83,91,97,99,105,114,8,-0.197998447,0.505614756,0.034307384,Stabbing,30,73
49,59,69,75,82,85,88,95,96,104,111,121,8,0.136336028,-0.203095051,0.423490934,Pins and Needles,53,76
69,76,78,88,95,101,104,110,112,120,122,125,5,-0.491557607,-0.003590156,0.976059771,Numb,24,92
44,49,50,51,59,68,76,84,91,95,97,100,2,-0.396673057,0.458350521,-0.21055973,Stabbing,67,84
46,52,58,63,68,78,82,83,90,98,106,115,10,0.086661164,-0.460515742,-0.639039845,Aching,69,102
66,72,82,91,98,107,114,124,125,125,125,125,7,-0.630632343,-0.809298699,0.596353772,Numb,55,107
88,93,94,98,107,109,116,122,125,125,125,125,10,0.812251652,-0.972728145,0.663037618,Stabbing,59,113
32,33,41,47,52,62,70,79,88,95,102,111,7,-0.011297968,-0.629632127,0.656994927,Pins and Needles,34,82
48,55,56,58,60,69,74,78,85,89,99,105,9,0.674250673,-0.774712855,-0.439530126,Burning,35,66
31,34,35,42,48,49,55,56,62,71,72,81,2,0.603352107,0.32299048,0.261824742,Others,38,91
81,84,91,98,107,115,120,123,125,125,125,125,3,0.124406693,0.480845699,0.349979959,Stabbing,35,87
83,86,95,96,101,107,108,113,119,124,125,125,1,-0.753789792,0.338931389,0.265535638,Numb,65,79
32,41,50,52,53,55,63,66,74,79,82,83,1,0.721391379,0.894226158,-0.781592861,Others,34,81
31,35,40,47,48,50,57,64,70,72,78,85,10,-0.359201906,-0.626749812,-0.950743853,Others,23,99
39,49,57,67,69,77,80,83,93,94,98,106,10,0.635319944,-0.202108774,-0.168150947,Stabbing,63,94
43,49,57,60,67,68,70,71,73,78,86,95,8,0.73671685,-0.216124903,0.639086351,Others,35,100
68,76,77,87,92,102,103,109,118,125,125,125,7,0.384163307,-0.645250587,-0.544993048,Stabbing,26,95
87,95,97,102,111,112,115,116,119,124,125,125,10,-0.62750365,0.117573236,0.862524696,Stabbing,57,82
74,81,87,89,92,99,103,112,114,118,125,125,2,0.98201747,-0.555005787,0.512370179,Numb,58,99
52,61,65,72,82,83,85,89,92,98,102,110,5,0.071216788,0.913485459,0.802679978,Others,27,94
32,41,43,53,55,60,62,64,67,68,77,82,1,-0.71508257,0.855638119,-0.210344732,Pins and Needles,66,60
30,36,43,47,53,61,64,69,77,78,88,96,6,0.773900051,-0.881119176,0.244162934,Stabbing,47,93
40,42,49,54,61,66,68,74,76,83,92,97,1,0.164311713,-0.659875716,0.699460153,Numb,55,86
48,57,65,70,78,88,94,100,102,111,116,121,2,-0.43183544,0.549896636,-0.183366232,Burning,23,63
38,43,46,52,58,67,73,82,88,93,97,106,6,-0.313349936,0.515204057,0.893462012,Burning,19,79
67,75,85,92,99,106,115,125,125,125,125,125,8,-0.463105245,-0.874789187,0.05363506,Numb,64,91
49,51,54,64,65,70,79,87,90,98,105,106,8,0.834934341,0.86000754,0.253562395,Pins and Needles,55,105
82,83,88,95,100,103,106,109,115,120,121,125,6,-0.038765277,-0.670031276,-0.254802229,Pins and Needles,55,104
50,58,65,73,80,85,95,100,109,117,119,125,2,-0.29029631,0.133431482,0.935695728,Others,47,61
30,31,34,41,45,53,58,60,69,71,78,88,3,0.25628501,-0.60087224,-0.571461834,Burning,48,72
83,88,91,97,103,104,106,110,119,122,123,125,6,0.652496616,-0.295617904,0.319899558,Stabbing,44,66
89,97,99,104,114,120,125,125,125,125,125,125,3,-0.250693419,-0.03920321,-0.84995424,Aching,40,78
37,46,51,60,63,67,71,74,83,84,89,90,3,0.520727283,0.50670938,0.702731139,Others,30,87
37,44,48,51,53,59,63,70,72,74,76,77,10,-0.991192351,0.784460721,-0.193773051,Aching,20,84
57,63,64,71,72,77,78,88,97,102,105,110,5,0.191692779,0.084730905,0.976343688,Pins and Needles,26,73
62,71,77,78,80,83,93,95,100,103,110,111,4,-0.297201068,-0.53402218,-0.729361208,Numb,59,90
37,47,49,58,68,72,76,86,93,103,111,113,8,0.585440732,-0.516252338,0.948898881,Aching,18,73
77,84,94,102,110,118,125,125,125,125,125,125,3,-0.93656983,-0.136889822,0.916262148,Stabbing,57,84
72,75,77,83,86,95,101,104,113,120,125,125,6,-0.112711832,0.083424719,0.069176934,Stabbing,50,95
59,64,65,69,78,87,90,93,100,103,106,109,9,-0.945648974,-0.350369673,0.274780249,Others,46,106
30,39,42,51,52,58,65,75,80,84,89,93,8,0.131474784,-0.005101546,-0.462278263,Others,28,86
56,59,60,64,69,75,76,81,87,88,93,99,9,-0.285295534,-0.641050531,-0.718319542,Stabbing,56,94
58,63,71,78,85,92,93,96,101,102,105,113,3,-0.615506182,-0.762520438,0.300758024,Numb,38,89
65,74,75,83,84,90,97,107,116,122,125,125,10,-0.499970758,-0.025930732,-0.608492722,Burning,51,74
39,47,53,62,66,71,72,73,78,83,86,90,4,-0.34040285,-0.893203166,0.707779368,Pins and Needles,54,95
61,63,66,67,71,73,74,83,91,96,104,107,1,0.33312604,0.338142545,0.787859157,Numb,20,77
58,64,69,78,88,91,97,107,117,125,125,125,4,0.338760289,-0.3642996,0.89545399,Aching,37,95
40,50,52,54,64,65,72,74,84,85,88,94,10,0.07892159,-0.859651377,-0.907854411,Burning,39,100
68,70,76,78,82,91,100,103,109,113,122,125,8,-0.1541987,-0.471941882,0.703048438,Burning,57,106
76,81,87,92,95,96,105,115,121,125,125,125,3,-0.693848746,0.876882867,0.834260708,Stabbing,50,71
87,93,98,105,109,119,125,125,125,125,125,125,9,0.768353891,0.123090951,-0.775815744,Pins and Needles,22,99
63,73,81,83,85,93,94,95,105,108,115,119,10,0.543895213,0.314877837,0.49080257,Burning,42,107
34,40,47,53,63,69,72,76,86,90,95,97,2,0.473649943,0.13550304,-0.62791287,Burning,70,94
61,71,76,77,78,88,96,104,107,116,119,124,3,-0.046025654,0.510546415,0.096519834,Others,70,84
31,34,38,41,49,51,60,62,70,77,81,91,1,-0.70316198,-0.026737369,-0.934456999,Aching,33,82
51,60,62,63,71,77,83,90,98,104,110,111,3,-0.154524353,-0.915283312,0.684553725,Pins and Needles,60,101
89,96,98,101,102,111,119,124,125,125,125,125,5,0.866551505,0.621627993,0.831510434,Aching,67,94
89,90,96,103,108,114,120,121,123,125,125,125,2,0.223679915,-0.552521559,0.076243415,Numb,51,60
